title,company,location,link
[Search & Clova] Clova AI 인재,네이버,대한민국,http://www.indeed.com/viewjob?jk=92bd400e3b5306ba
신입사원 (웹/자바 개발자),씽크엠,서울 송파구,http://www.indeed.com/viewjob?jk=0bf48d23e52f45b2
정보기술연구소 자바(JAVA) 연구개발자,온더아이티,성남 분당구,http://www.indeed.com/viewjob?jk=2d645980f2db02ca
"앱(IOS,안드로이드), 웹(자바스프링,JSP,PHP) 개발자 및 디자이너,퍼블리셔,기획자",웹비즈,서울 송파구,http://www.indeed.com/viewjob?jk=5115dd0e7d65aa7d
자바웹 개발자,서광미디어,광주 서구,http://www.indeed.com/viewjob?jk=adf11885fe1116db
자바 /스프링 프레임워크/JSP/자바스크립트 웹개발자 정규직,시크릿다이렉트코리아,서울 강남구,http://www.indeed.com/viewjob?jk=433e6d3d547a3022
"[자바,C#] 프로그램 개발자",리턴트루,경기도,http://www.indeed.com/viewjob?jk=4df3a7836f7668c8
2020년 각 부문별,청담러닝,서울 강남구,http://www.indeed.com/viewjob?jk=d96782b26b3d601b
사랑과선행 웹프로그래머및 웹 기획,사랑과선행,성남 분당구,http://www.indeed.com/viewjob?jk=523a9dbac319535a
병역특례 보충역 프로그램 개발 및 유지보수 / 마케팅 및 영업기획 / 일반 자바 개발자 / 총무인사,엠포플러스,서울 광진구,http://www.indeed.com/viewjob?jk=39c398a888fcd24d
모바일 앱 서버/백엔드 개발자,흐름,서울 성산동,http://www.indeed.com/viewjob?jk=6e762e911554314a
"디지털 마케팅 부문별 정시 (웹 디자이너, 소셜미디어 매니저)",어썸크루월드와이드,서울 금천구,http://www.indeed.com/viewjob?jk=3a7df4fec111db12
KT (주)자바모바일 소사장님,None,인천 계양구,http://www.indeed.com/viewjob?jk=89c576b4895e33f6
웹기반솔루션개발/웹프로그래머,뉴젠씨앤아이,서울 금천구,http://www.indeed.com/viewjob?jk=6fa2269ddebdd586
자스텍엠 개발자,자스텍엠,성남 분당구,http://www.indeed.com/viewjob?jk=eafce5baf2aaa97c
[KSTEC] 2020년 신입 및 경력 (SW개발자),지식시스템,성남 분당구,http://www.indeed.com/viewjob?jk=e5ce68ca5e40e930
제주근무] 영상처리 개발자,아이디어콘서트,제주 제주시,http://www.indeed.com/viewjob?jk=d952a2933cb8e330
신입/경력사원 상시,오토닉스,부산 해운대구,http://www.indeed.com/viewjob?jk=c4ca672b61aeb5ba
프로그램 개발자 모집,컴퓨터메이트,대구 대흥동,http://www.indeed.com/viewjob?jk=ff14ba22a92dd995
자바스크립트 프론트웹개발자(정규직),데이터킹,안양 동안구,http://www.indeed.com/viewjob?jk=523edd7f08084ebb
